{
  "system": "testing1",
  "planets": [
    {
      "orbit": 3,
      "name": "DRuy6",
      "type": 1,
      "size": 100,
      "angle": 229.48600000009654,
      "x": 1008.8899980095949,
      "y": 338.597071128025
    },
    {
      "orbit": 1,
      "name": "tZlnh",
      "type": 0,
      "size": 100,
      "angle": 688.2580000000253,
      "x": 769.4696984341091,
      "y": 354.6352034780555
    },
    {
      "orbit": 2,
      "name": "mLztH",
      "type": 5,
      "size": 100,
      "angle": 344.17900000001265,
      "x": 613.6466808877998,
      "y": 214.61055964664453
    }
  ],
  "sun": [
    {
      "x": 640,
      "y": 360,
      "size": 50,
      "type": 1,
      "name": "4TWNZ",
      "lines": 4
    }
  ],
  "saved": "2019-10-20T08:46:28.032Z"
}