{
  "system": "testing1",
  "planets": [
    {
      "orbit": 3,
      "name": "DRuy6",
      "type": 1,
      "size": 100,
      "angle": 15.707999999999158,
      "x": 1012.4885856057599,
      "y": 374.4111641088266
    },
    {
      "orbit": 1,
      "name": "tZlnh",
      "type": 0,
      "size": 100,
      "angle": 46.92400000000089,
      "x": 769.5049437730945,
      "y": 390.2619209753773
    },
    {
      "orbit": 3,
      "name": "mL_ztH",
      "type": 5,
      "size": 100,
      "angle": 0.4920000000000003,
      "x": 333.8493425809784,
      "y": 484.177628370284,
      "number": 2
    }
  ],
  "sun": [
    {
      "x": 640,
      "y": 360,
      "size": 50,
      "type": 1,
      "name": "4TWNZ",
      "lines": 4
    }
  ],
  "saved": "2019-10-20T08:46:28.032Z"
}